gene_name,EMIHUDRAFT_349043,EMIHUDRAFT_61069,EMIHUDRAFT_420194
EMIHUDRAFT_349043,1.0,0.1757525314947847,-0.632757484821563
EMIHUDRAFT_61069,0.1757525314947847,1.0,0.651088059308859
EMIHUDRAFT_420194,-0.632757484821563,0.651088059308859,1.0
